Title;Synopsis;Début du projet;Fin du projet;Visuel;Nature;Budget;Catégorie;link.text;link.url;Owner;Year
Avatar ;;;01/01/2009;;MOVIE;237000000;Action|Adventure|Fantasy|Sci-Fi;IMDB;http://www.imdb.com/title/tt0499549/?ref_=fn_tt_tt_1;public;2009
Pirates of the Caribbean: At World's End ;;;01/01/2007;;MOVIE;300000000;Action|Adventure|Fantasy;IMDB;http://www.imdb.com/title/tt0449088/?ref_=fn_tt_tt_1;public;2007
Spectre ;;;01/01/2015;;MOVIE;245000000;Action|Adventure|Thriller;IMDB;http://www.imdb.com/title/tt2379713/?ref_=fn_tt_tt_1;public;2015
The Dark Knight Rises ;;;01/01/2012;;MOVIE;250000000;Action|Thriller;IMDB;http://www.imdb.com/title/tt1345836/?ref_=fn_tt_tt_1;public;2012
Star Wars: Episode VII - The Force Awakens             ;;;01/01/;;MOVIE;;Documentary;IMDB;http://www.imdb.com/title/tt5289954/?ref_=fn_tt_tt_1;public;0
John Carter ;;;01/01/2012;;MOVIE;263700000;Action|Adventure|Sci-Fi;IMDB;http://www.imdb.com/title/tt0401729/?ref_=fn_tt_tt_1;public;2012
Spider-Man 3 ;;;01/01/2007;;MOVIE;258000000;Action|Adventure|Romance;IMDB;http://www.imdb.com/title/tt0413300/?ref_=fn_tt_tt_1;public;2007
Tangled ;;;01/01/2010;;MOVIE;260000000;Adventure|Animation|Comedy|Family|Fantasy|Musical|Romance;IMDB;http://www.imdb.com/title/tt0398286/?ref_=fn_tt_tt_1;public;2010
Avengers: Age of Ultron ;;;01/01/2015;;MOVIE;250000000;Action|Adventure|Sci-Fi;IMDB;http://www.imdb.com/title/tt2395427/?ref_=fn_tt_tt_1;public;2015
Harry Potter and the Half-Blood Prince ;;;01/01/2009;;MOVIE;250000000;Adventure|Family|Fantasy|Mystery;IMDB;http://www.imdb.com/title/tt0417741/?ref_=fn_tt_tt_1;public;2009
Batman v Superman: Dawn of Justice ;;;01/01/2016;;MOVIE;250000000;Action|Adventure|Sci-Fi;IMDB;http://www.imdb.com/title/tt2975590/?ref_=fn_tt_tt_1;public;2016
Superman Returns ;;;01/01/2006;;MOVIE;209000000;Action|Adventure|Sci-Fi;IMDB;http://www.imdb.com/title/tt0348150/?ref_=fn_tt_tt_1;public;2006
Quantum of Solace ;;;01/01/2008;;MOVIE;200000000;Action|Adventure;IMDB;http://www.imdb.com/title/tt0830515/?ref_=fn_tt_tt_1;public;2008
Pirates of the Caribbean: Dead Man's Chest ;;;01/01/2006;;MOVIE;225000000;Action|Adventure|Fantasy;IMDB;http://www.imdb.com/title/tt0383574/?ref_=fn_tt_tt_1;public;2006
The Lone Ranger ;;;01/01/2013;;MOVIE;215000000;Action|Adventure|Western;IMDB;http://www.imdb.com/title/tt1210819/?ref_=fn_tt_tt_1;public;2013
Man of Steel ;;;01/01/2013;;MOVIE;225000000;Action|Adventure|Fantasy|Sci-Fi;IMDB;http://www.imdb.com/title/tt0770828/?ref_=fn_tt_tt_1;public;2013
The Chronicles of Narnia: Prince Caspian ;;;01/01/2008;;MOVIE;225000000;Action|Adventure|Family|Fantasy;IMDB;http://www.imdb.com/title/tt0499448/?ref_=fn_tt_tt_1;public;2008
The Avengers ;;;01/01/2012;;MOVIE;220000000;Action|Adventure|Sci-Fi;IMDB;http://www.imdb.com/title/tt0848228/?ref_=fn_tt_tt_1;public;2012
Pirates of the Caribbean: On Stranger Tides ;;;01/01/2011;;MOVIE;250000000;Action|Adventure|Fantasy;IMDB;http://www.imdb.com/title/tt1298650/?ref_=fn_tt_tt_1;public;2011
Men in Black 3 ;;;01/01/2012;;MOVIE;225000000;Action|Adventure|Comedy|Family|Fantasy|Sci-Fi;IMDB;http://www.imdb.com/title/tt1409024/?ref_=fn_tt_tt_1;public;2012
The Hobbit: The Battle of the Five Armies ;;;01/01/2014;;MOVIE;250000000;Adventure|Fantasy;IMDB;http://www.imdb.com/title/tt2310332/?ref_=fn_tt_tt_1;public;2014
The Amazing Spider-Man ;;;01/01/2012;;MOVIE;230000000;Action|Adventure|Fantasy;IMDB;http://www.imdb.com/title/tt0948470/?ref_=fn_tt_tt_1;public;2012
Robin Hood ;;;01/01/2010;;MOVIE;200000000;Action|Adventure|Drama|History;IMDB;http://www.imdb.com/title/tt0955308/?ref_=fn_tt_tt_1;public;2010
The Hobbit: The Desolation of Smaug ;;;01/01/2013;;MOVIE;225000000;Adventure|Fantasy;IMDB;http://www.imdb.com/title/tt1170358/?ref_=fn_tt_tt_1;public;2013
The Golden Compass ;;;01/01/2007;;MOVIE;180000000;Adventure|Family|Fantasy;IMDB;http://www.imdb.com/title/tt0385752/?ref_=fn_tt_tt_1;public;2007
King Kong ;;;01/01/2005;;MOVIE;207000000;Action|Adventure|Drama|Romance;IMDB;http://www.imdb.com/title/tt0360717/?ref_=fn_tt_tt_1;public;2005
Titanic ;;;01/01/1997;;MOVIE;200000000;Drama|Romance;IMDB;http://www.imdb.com/title/tt0120338/?ref_=fn_tt_tt_1;public;1997
Captain America: Civil War ;;;01/01/2016;;MOVIE;250000000;Action|Adventure|Sci-Fi;IMDB;http://www.imdb.com/title/tt3498820/?ref_=fn_tt_tt_1;public;2016
Battleship ;;;01/01/2012;;MOVIE;209000000;Action|Adventure|Sci-Fi|Thriller;IMDB;http://www.imdb.com/title/tt1440129/?ref_=fn_tt_tt_1;public;2012
Jurassic World ;;;01/01/2015;;MOVIE;150000000;Action|Adventure|Sci-Fi|Thriller;IMDB;http://www.imdb.com/title/tt0369610/?ref_=fn_tt_tt_1;public;2015
Skyfall ;;;01/01/2012;;MOVIE;200000000;Action|Adventure|Thriller;IMDB;http://www.imdb.com/title/tt1074638/?ref_=fn_tt_tt_1;public;2012
Spider-Man 2 ;;;01/01/2004;;MOVIE;200000000;Action|Adventure|Fantasy|Romance;IMDB;http://www.imdb.com/title/tt0316654/?ref_=fn_tt_tt_1;public;2004
Iron Man 3 ;;;01/01/2013;;MOVIE;200000000;Action|Adventure|Sci-Fi;IMDB;http://www.imdb.com/title/tt1300854/?ref_=fn_tt_tt_1;public;2013
Alice in Wonderland ;;;01/01/2010;;MOVIE;200000000;Adventure|Family|Fantasy;IMDB;http://www.imdb.com/title/tt1014759/?ref_=fn_tt_tt_1;public;2010
X-Men: The Last Stand ;;;01/01/2006;;MOVIE;210000000;Action|Adventure|Fantasy|Sci-Fi|Thriller;IMDB;http://www.imdb.com/title/tt0376994/?ref_=fn_tt_tt_1;public;2006
Monsters University ;;;01/01/2013;;MOVIE;200000000;Adventure|Animation|Comedy|Family|Fantasy;IMDB;http://www.imdb.com/title/tt1453405/?ref_=fn_tt_tt_1;public;2013
Transformers: Revenge of the Fallen ;;;01/01/2009;;MOVIE;200000000;Action|Adventure|Sci-Fi;IMDB;http://www.imdb.com/title/tt1055369/?ref_=fn_tt_tt_1;public;2009
Transformers: Age of Extinction ;;;01/01/2014;;MOVIE;210000000;Action|Adventure|Sci-Fi;IMDB;http://www.imdb.com/title/tt2109248/?ref_=fn_tt_tt_1;public;2014
Oz the Great and Powerful ;;;01/01/2013;;MOVIE;215000000;Adventure|Family|Fantasy;IMDB;http://www.imdb.com/title/tt1623205/?ref_=fn_tt_tt_1;public;2013
The Amazing Spider-Man 2 ;;;01/01/2014;;MOVIE;200000000;Action|Adventure|Fantasy|Sci-Fi;IMDB;http://www.imdb.com/title/tt1872181/?ref_=fn_tt_tt_1;public;2014
TRON: Legacy ;;;01/01/2010;;MOVIE;170000000;Action|Adventure|Sci-Fi;IMDB;http://www.imdb.com/title/tt1104001/?ref_=fn_tt_tt_1;public;2010
Cars 2 ;;;01/01/2011;;MOVIE;200000000;Adventure|Animation|Comedy|Family|Sport;IMDB;http://www.imdb.com/title/tt1216475/?ref_=fn_tt_tt_1;public;2011
Green Lantern ;;;01/01/2011;;MOVIE;200000000;Action|Adventure|Sci-Fi;IMDB;http://www.imdb.com/title/tt1133985/?ref_=fn_tt_tt_1;public;2011
Toy Story 3 ;;;01/01/2010;;MOVIE;200000000;Adventure|Animation|Comedy|Family|Fantasy;IMDB;http://www.imdb.com/title/tt0435761/?ref_=fn_tt_tt_1;public;2010
Terminator Salvation ;;;01/01/2009;;MOVIE;200000000;Action|Adventure|Sci-Fi;IMDB;http://www.imdb.com/title/tt0438488/?ref_=fn_tt_tt_1;public;2009
Furious 7 ;;;01/01/2015;;MOVIE;190000000;Action|Crime|Thriller;IMDB;http://www.imdb.com/title/tt2820852/?ref_=fn_tt_tt_1;public;2015
World War Z ;;;01/01/2013;;MOVIE;190000000;Action|Adventure|Horror|Sci-Fi|Thriller;IMDB;http://www.imdb.com/title/tt0816711/?ref_=fn_tt_tt_1;public;2013
X-Men: Days of Future Past ;;;01/01/2014;;MOVIE;200000000;Action|Adventure|Fantasy|Sci-Fi|Thriller;IMDB;http://www.imdb.com/title/tt1877832/?ref_=fn_tt_tt_1;public;2014
Star Trek Into Darkness ;;;01/01/2013;;MOVIE;190000000;Action|Adventure|Sci-Fi;IMDB;http://www.imdb.com/title/tt1408101/?ref_=fn_tt_tt_1;public;2013
Jack the Giant Slayer ;;;01/01/2013;;MOVIE;195000000;Adventure|Fantasy;IMDB;http://www.imdb.com/title/tt1351685/?ref_=fn_tt_tt_1;public;2013
The Great Gatsby ;;;01/01/2013;;MOVIE;105000000;Drama|Romance;IMDB;http://www.imdb.com/title/tt1343092/?ref_=fn_tt_tt_1;public;2013
Prince of Persia: The Sands of Time ;;;01/01/2010;;MOVIE;200000000;Action|Adventure|Fantasy|Romance;IMDB;http://www.imdb.com/title/tt0473075/?ref_=fn_tt_tt_1;public;2010
Pacific Rim ;;;01/01/2013;;MOVIE;190000000;Action|Adventure|Sci-Fi;IMDB;http://www.imdb.com/title/tt1663662/?ref_=fn_tt_tt_1;public;2013
Transformers: Dark of the Moon ;;;01/01/2011;;MOVIE;195000000;Action|Adventure|Sci-Fi;IMDB;http://www.imdb.com/title/tt1399103/?ref_=fn_tt_tt_1;public;2011
Indiana Jones and the Kingdom of the Crystal Skull ;;;01/01/2008;;MOVIE;185000000;Action|Adventure|Fantasy;IMDB;http://www.imdb.com/title/tt0367882/?ref_=fn_tt_tt_1;public;2008
The Good Dinosaur ;;;01/01/2015;;MOVIE;;Adventure|Animation|Comedy|Family|Fantasy;IMDB;http://www.imdb.com/title/tt1979388/?ref_=fn_tt_tt_1;public;2015
Brave ;;;01/01/2012;;MOVIE;185000000;Adventure|Animation|Comedy|Family|Fantasy;IMDB;http://www.imdb.com/title/tt1217209/?ref_=fn_tt_tt_1;public;2012
Star Trek Beyond ;;;01/01/2016;;MOVIE;185000000;Action|Adventure|Sci-Fi|Thriller;IMDB;http://www.imdb.com/title/tt2660888/?ref_=fn_tt_tt_1;public;2016
WALL·E ;;;01/01/2008;;MOVIE;180000000;Adventure|Animation|Family|Sci-Fi;IMDB;http://www.imdb.com/title/tt0910970/?ref_=fn_tt_tt_1;public;2008
Rush Hour 3 ;;;01/01/2007;;MOVIE;140000000;Action|Comedy|Crime|Thriller;IMDB;http://www.imdb.com/title/tt0293564/?ref_=fn_tt_tt_1;public;2007
2012 ;;;01/01/2009;;MOVIE;200000000;Action|Adventure|Sci-Fi;IMDB;http://www.imdb.com/title/tt1190080/?ref_=fn_tt_tt_1;public;2009
A Christmas Carol ;;;01/01/2009;;MOVIE;200000000;Animation|Drama|Family|Fantasy;IMDB;http://www.imdb.com/title/tt1067106/?ref_=fn_tt_tt_1;public;2009
Jupiter Ascending ;;;01/01/2015;;MOVIE;176000000;Action|Adventure|Sci-Fi;IMDB;http://www.imdb.com/title/tt1617661/?ref_=fn_tt_tt_1;public;2015
The Legend of Tarzan ;;;01/01/2016;;MOVIE;180000000;Action|Adventure|Drama|Romance;IMDB;http://www.imdb.com/title/tt0918940/?ref_=fn_tt_tt_1;public;2016
The Chronicles of Narnia: The Lion, the Witch and the Wardrobe ;;;01/01/2005;;MOVIE;180000000;Adventure|Family|Fantasy;IMDB;http://www.imdb.com/title/tt0363771/?ref_=fn_tt_tt_1;public;2005
X-Men: Apocalypse ;;;01/01/2016;;MOVIE;178000000;Action|Adventure|Sci-Fi;IMDB;http://www.imdb.com/title/tt3385516/?ref_=fn_tt_tt_1;public;2016
The Dark Knight ;;;01/01/2008;;MOVIE;185000000;Action|Crime|Drama|Thriller;IMDB;http://www.imdb.com/title/tt0468569/?ref_=fn_tt_tt_1;public;2008
Up ;;;01/01/2009;;MOVIE;175000000;Adventure|Animation|Comedy|Family;IMDB;http://www.imdb.com/title/tt1049413/?ref_=fn_tt_tt_1;public;2009
Monsters vs. Aliens ;;;01/01/2009;;MOVIE;175000000;Action|Adventure|Animation|Comedy|Family|Sci-Fi;IMDB;http://www.imdb.com/title/tt0892782/?ref_=fn_tt_tt_1;public;2009
Iron Man ;;;01/01/2008;;MOVIE;140000000;Action|Adventure|Sci-Fi;IMDB;http://www.imdb.com/title/tt0371746/?ref_=fn_tt_tt_1;public;2008
Hugo ;;;01/01/2011;;MOVIE;170000000;Adventure|Drama|Family|Mystery;IMDB;http://www.imdb.com/title/tt0970179/?ref_=fn_tt_tt_1;public;2011
Wild Wild West ;;;01/01/1999;;MOVIE;170000000;Action|Comedy|Sci-Fi|Western;IMDB;http://www.imdb.com/title/tt0120891/?ref_=fn_tt_tt_1;public;1999
The Mummy: Tomb of the Dragon Emperor ;;;01/01/2008;;MOVIE;145000000;Action|Adventure|Fantasy|Horror|Thriller;IMDB;http://www.imdb.com/title/tt0859163/?ref_=fn_tt_tt_1;public;2008
Suicide Squad ;;;01/01/2016;;MOVIE;175000000;Action|Adventure|Comedy|Sci-Fi;IMDB;http://www.imdb.com/title/tt1386697/?ref_=fn_tt_tt_1;public;2016
Evan Almighty ;;;01/01/2007;;MOVIE;175000000;Comedy|Family|Fantasy;IMDB;http://www.imdb.com/title/tt0413099/?ref_=fn_tt_tt_1;public;2007
Edge of Tomorrow ;;;01/01/2014;;MOVIE;178000000;Action|Adventure|Sci-Fi;IMDB;http://www.imdb.com/title/tt1631867/?ref_=fn_tt_tt_1;public;2014
Waterworld ;;;01/01/1995;;MOVIE;175000000;Action|Adventure|Sci-Fi|Thriller;IMDB;http://www.imdb.com/title/tt0114898/?ref_=fn_tt_tt_1;public;1995
G.I. Joe: The Rise of Cobra ;;;01/01/2009;;MOVIE;175000000;Action|Adventure|Sci-Fi|Thriller;IMDB;http://www.imdb.com/title/tt1046173/?ref_=fn_tt_tt_1;public;2009
Inside Out ;;;01/01/2015;;MOVIE;175000000;Adventure|Animation|Comedy|Drama|Family|Fantasy;IMDB;http://www.imdb.com/title/tt2096673/?ref_=fn_tt_tt_1;public;2015
The Jungle Book ;;;01/01/2016;;MOVIE;175000000;Adventure|Drama|Family|Fantasy;IMDB;http://www.imdb.com/title/tt3040964/?ref_=fn_tt_tt_1;public;2016
Iron Man 2 ;;;01/01/2010;;MOVIE;200000000;Action|Adventure|Sci-Fi;IMDB;http://www.imdb.com/title/tt1228705/?ref_=fn_tt_tt_1;public;2010
Snow White and the Huntsman ;;;01/01/2012;;MOVIE;170000000;Action|Adventure|Drama|Fantasy;IMDB;http://www.imdb.com/title/tt1735898/?ref_=fn_tt_tt_1;public;2012
Maleficent ;;;01/01/2014;;MOVIE;180000000;Action|Adventure|Family|Fantasy|Romance;IMDB;http://www.imdb.com/title/tt1587310/?ref_=fn_tt_tt_1;public;2014
Dawn of the Planet of the Apes ;;;01/01/2014;;MOVIE;170000000;Action|Adventure|Drama|Sci-Fi;IMDB;http://www.imdb.com/title/tt2103281/?ref_=fn_tt_tt_1;public;2014
The Lovers ;;;01/01/2015;;MOVIE;;Action|Adventure|Romance|Sci-Fi;IMDB;http://www.imdb.com/title/tt1321869/?ref_=fn_tt_tt_1;public;2015
47 Ronin ;;;01/01/2013;;MOVIE;175000000;Action|Adventure|Drama|Fantasy;IMDB;http://www.imdb.com/title/tt1335975/?ref_=fn_tt_tt_1;public;2013
Captain America: The Winter Soldier ;;;01/01/2014;;MOVIE;170000000;Action|Adventure|Sci-Fi;IMDB;http://www.imdb.com/title/tt1843866/?ref_=fn_tt_tt_1;public;2014
Shrek Forever After ;;;01/01/2010;;MOVIE;165000000;Adventure|Animation|Comedy|Family|Fantasy;IMDB;http://www.imdb.com/title/tt0892791/?ref_=fn_tt_tt_1;public;2010
Tomorrowland ;;;01/01/2015;;MOVIE;190000000;Action|Adventure|Family|Mystery|Sci-Fi;IMDB;http://www.imdb.com/title/tt1964418/?ref_=fn_tt_tt_1;public;2015
Big Hero 6 ;;;01/01/2014;;MOVIE;165000000;Action|Adventure|Animation|Comedy|Drama|Family|Sci-Fi;IMDB;http://www.imdb.com/title/tt2245084/?ref_=fn_tt_tt_1;public;2014
Wreck-It Ralph ;;;01/01/2012;;MOVIE;165000000;Adventure|Animation|Comedy|Family|Sci-Fi;IMDB;http://www.imdb.com/title/tt1772341/?ref_=fn_tt_tt_1;public;2012
The Polar Express ;;;01/01/2004;;MOVIE;165000000;Adventure|Animation|Family|Fantasy;IMDB;http://www.imdb.com/title/tt0338348/?ref_=fn_tt_tt_1;public;2004
Independence Day: Resurgence ;;;01/01/2016;;MOVIE;165000000;Action|Adventure|Sci-Fi;IMDB;http://www.imdb.com/title/tt1628841/?ref_=fn_tt_tt_1;public;2016
How to Train Your Dragon ;;;01/01/2010;;MOVIE;165000000;Adventure|Animation|Family|Fantasy;IMDB;http://www.imdb.com/title/tt0892769/?ref_=fn_tt_tt_1;public;2010
Terminator 3: Rise of the Machines ;;;01/01/2003;;MOVIE;200000000;Action|Sci-Fi;IMDB;http://www.imdb.com/title/tt0181852/?ref_=fn_tt_tt_1;public;2003
Guardians of the Galaxy ;;;01/01/2014;;MOVIE;170000000;Action|Adventure|Sci-Fi;IMDB;http://www.imdb.com/title/tt2015381/?ref_=fn_tt_tt_1;public;2014
Interstellar ;;;01/01/2014;;MOVIE;165000000;Adventure|Drama|Sci-Fi;IMDB;http://www.imdb.com/title/tt0816692/?ref_=fn_tt_tt_1;public;2014
Inception ;;;01/01/2010;;MOVIE;160000000;Action|Adventure|Sci-Fi|Thriller;IMDB;http://www.imdb.com/title/tt1375666/?ref_=fn_tt_tt_1;public;2010
Godzilla Resurgence ;;;01/01/2016;;MOVIE;;Action|Adventure|Drama|Horror|Sci-Fi;IMDB;http://www.imdb.com/title/tt4262980/?ref_=fn_tt_tt_1;public;2016
The Hobbit: An Unexpected Journey ;;;01/01/2012;;MOVIE;180000000;Adventure|Fantasy;IMDB;http://www.imdb.com/title/tt0903624/?ref_=fn_tt_tt_1;public;2012
The Fast and the Furious ;;;01/01/2001;;MOVIE;38000000;Action|Crime|Thriller;IMDB;http://www.imdb.com/title/tt0232500/?ref_=fn_tt_tt_1;public;2001
The Curious Case of Benjamin Button ;;;01/01/2008;;MOVIE;150000000;Drama|Fantasy|Romance;IMDB;http://www.imdb.com/title/tt0421715/?ref_=fn_tt_tt_1;public;2008
X-Men: First Class ;;;01/01/2011;;MOVIE;160000000;Action|Adventure|Sci-Fi;IMDB;http://www.imdb.com/title/tt1270798/?ref_=fn_tt_tt_1;public;2011
The Hunger Games: Mockingjay - Part 2 ;;;01/01/2015;;MOVIE;160000000;Adventure|Sci-Fi;IMDB;http://www.imdb.com/title/tt1951266/?ref_=fn_tt_tt_1;public;2015
The Sorcerer's Apprentice ;;;01/01/2010;;MOVIE;150000000;Action|Adventure|Family|Fantasy;IMDB;http://www.imdb.com/title/tt0963966/?ref_=fn_tt_tt_1;public;2010
Poseidon ;;;01/01/2006;;MOVIE;160000000;Action|Adventure|Drama|Thriller;IMDB;http://www.imdb.com/title/tt0409182/?ref_=fn_tt_tt_1;public;2006
Alice Through the Looking Glass ;;;01/01/2016;;MOVIE;170000000;Adventure|Family|Fantasy;IMDB;http://www.imdb.com/title/tt2567026/?ref_=fn_tt_tt_1;public;2016
Shrek the Third ;;;01/01/2007;;MOVIE;160000000;Adventure|Animation|Comedy|Family|Fantasy;IMDB;http://www.imdb.com/title/tt0413267/?ref_=fn_tt_tt_1;public;2007
Warcraft ;;;01/01/2016;;MOVIE;160000000;Action|Adventure|Fantasy;IMDB;http://www.imdb.com/title/tt0803096/?ref_=fn_tt_tt_1;public;2016
Terminator Genisys ;;;01/01/2015;;MOVIE;155000000;Action|Adventure|Sci-Fi;IMDB;http://www.imdb.com/title/tt1340138/?ref_=fn_tt_tt_1;public;2015
The Chronicles of Narnia: The Voyage of the Dawn Treader ;;;01/01/2010;;MOVIE;155000000;Adventure|Family|Fantasy;IMDB;http://www.imdb.com/title/tt0980970/?ref_=fn_tt_tt_1;public;2010
Pearl Harbor ;;;01/01/2001;;MOVIE;140000000;Action|Drama|History|Romance|War;IMDB;http://www.imdb.com/title/tt0213149/?ref_=fn_tt_tt_1;public;2001
Transformers ;;;01/01/2007;;MOVIE;150000000;Action|Adventure|Sci-Fi;IMDB;http://www.imdb.com/title/tt0418279/?ref_=fn_tt_tt_1;public;2007
Alexander ;;;01/01/2004;;MOVIE;155000000;Action|Adventure|Biography|Drama|History|Romance|War;IMDB;http://www.imdb.com/title/tt0346491/?ref_=fn_tt_tt_1;public;2004
Harry Potter and the Order of the Phoenix ;;;01/01/2007;;MOVIE;150000000;Adventure|Family|Fantasy|Mystery;IMDB;http://www.imdb.com/title/tt0373889/?ref_=fn_tt_tt_1;public;2007
Harry Potter and the Goblet of Fire ;;;01/01/2005;;MOVIE;150000000;Adventure|Family|Fantasy|Mystery;IMDB;http://www.imdb.com/title/tt0330373/?ref_=fn_tt_tt_1;public;2005
Hancock ;;;01/01/2008;;MOVIE;150000000;Action|Drama;IMDB;http://www.imdb.com/title/tt0448157/?ref_=fn_tt_tt_1;public;2008
I Am Legend ;;;01/01/2007;;MOVIE;150000000;Drama|Horror|Sci-Fi;IMDB;http://www.imdb.com/title/tt0480249/?ref_=fn_tt_tt_1;public;2007
Charlie and the Chocolate Factory ;;;01/01/2005;;MOVIE;150000000;Adventure|Comedy|Family|Fantasy;IMDB;http://www.imdb.com/title/tt0367594/?ref_=fn_tt_tt_1;public;2005
Ratatouille ;;;01/01/2007;;MOVIE;150000000;Animation|Comedy|Family|Fantasy;IMDB;http://www.imdb.com/title/tt0382932/?ref_=fn_tt_tt_1;public;2007
Batman Begins ;;;01/01/2005;;MOVIE;150000000;Action|Adventure;IMDB;http://www.imdb.com/title/tt0372784/?ref_=fn_tt_tt_1;public;2005
Madagascar: Escape 2 Africa ;;;01/01/2008;;MOVIE;150000000;Action|Adventure|Animation|Comedy|Family;IMDB;http://www.imdb.com/title/tt0479952/?ref_=fn_tt_tt_1;public;2008
Night at the Museum: Battle of the Smithsonian ;;;01/01/2009;;MOVIE;150000000;Adventure|Comedy|Family|Fantasy;IMDB;http://www.imdb.com/title/tt1078912/?ref_=fn_tt_tt_1;public;2009
X-Men Origins: Wolverine ;;;01/01/2009;;MOVIE;150000000;Action|Adventure|Fantasy|Sci-Fi|Thriller;IMDB;http://www.imdb.com/title/tt0458525/?ref_=fn_tt_tt_1;public;2009
The Matrix Revolutions ;;;01/01/2003;;MOVIE;150000000;Action|Sci-Fi;IMDB;http://www.imdb.com/title/tt0242653/?ref_=fn_tt_tt_1;public;2003
Frozen ;;;01/01/2013;;MOVIE;150000000;Adventure|Animation|Comedy|Family|Fantasy|Musical;IMDB;http://www.imdb.com/title/tt2294629/?ref_=fn_tt_tt_1;public;2013
The Matrix Reloaded ;;;01/01/2003;;MOVIE;150000000;Action|Sci-Fi;IMDB;http://www.imdb.com/title/tt0234215/?ref_=fn_tt_tt_1;public;2003
Thor: The Dark World ;;;01/01/2013;;MOVIE;170000000;Action|Adventure|Fantasy;IMDB;http://www.imdb.com/title/tt1981115/?ref_=fn_tt_tt_1;public;2013
Mad Max: Fury Road ;;;01/01/2015;;MOVIE;150000000;Action|Adventure|Sci-Fi|Thriller;IMDB;http://www.imdb.com/title/tt1392190/?ref_=fn_tt_tt_1;public;2015
Angels & Demons ;;;01/01/2009;;MOVIE;150000000;Mystery|Thriller;IMDB;http://www.imdb.com/title/tt0808151/?ref_=fn_tt_tt_1;public;2009
Thor ;;;01/01/2011;;MOVIE;150000000;Action|Adventure|Fantasy;IMDB;http://www.imdb.com/title/tt0800369/?ref_=fn_tt_tt_1;public;2011
Bolt ;;;01/01/2008;;MOVIE;150000000;Adventure|Animation|Comedy|Drama|Family;IMDB;http://www.imdb.com/title/tt0397892/?ref_=fn_tt_tt_1;public;2008
G-Force ;;;01/01/2009;;MOVIE;150000000;Action|Adventure|Animation|Comedy|Family|Fantasy|Sci-Fi;IMDB;http://www.imdb.com/title/tt0436339/?ref_=fn_tt_tt_1;public;2009
Wrath of the Titans ;;;01/01/2012;;MOVIE;150000000;Action|Adventure|Fantasy;IMDB;http://www.imdb.com/title/tt1646987/?ref_=fn_tt_tt_1;public;2012
Dark Shadows ;;;01/01/2012;;MOVIE;100000000;Comedy|Fantasy|Horror;IMDB;http://www.imdb.com/title/tt1077368/?ref_=fn_tt_tt_1;public;2012
Mission: Impossible - Rogue Nation ;;;01/01/2015;;MOVIE;150000000;Action|Adventure|Thriller;IMDB;http://www.imdb.com/title/tt2381249/?ref_=fn_tt_tt_1;public;2015
The Wolfman ;;;01/01/2010;;MOVIE;150000000;Drama|Fantasy|Horror|Thriller;IMDB;http://www.imdb.com/title/tt0780653/?ref_=fn_tt_tt_1;public;2010
The Legend of Tarzan ;;;01/01/2016;;MOVIE;180000000;Action|Adventure|Drama|Romance;IMDB;http://www.imdb.com/title/tt0918940/?ref_=fn_tt_tt_1;public;2016
Bee Movie ;;;01/01/2007;;MOVIE;150000000;Adventure|Animation|Comedy|Family;IMDB;http://www.imdb.com/title/tt0389790/?ref_=fn_tt_tt_1;public;2007
Kung Fu Panda 2 ;;;01/01/2011;;MOVIE;150000000;Action|Adventure|Animation|Comedy|Family;IMDB;http://www.imdb.com/title/tt1302011/?ref_=fn_tt_tt_1;public;2011
The Last Airbender ;;;01/01/2010;;MOVIE;150000000;Action|Adventure|Family|Fantasy;IMDB;http://www.imdb.com/title/tt0938283/?ref_=fn_tt_tt_1;public;2010
Mission: Impossible III ;;;01/01/2006;;MOVIE;150000000;Action|Adventure|Thriller;IMDB;http://www.imdb.com/title/tt0317919/?ref_=fn_tt_tt_1;public;2006
White House Down ;;;01/01/2013;;MOVIE;150000000;Action|Drama|Thriller;IMDB;http://www.imdb.com/title/tt2334879/?ref_=fn_tt_tt_1;public;2013
Mars Needs Moms ;;;01/01/2011;;MOVIE;150000000;Action|Adventure|Animation|Comedy|Family|Sci-Fi;IMDB;http://www.imdb.com/title/tt1305591/?ref_=fn_tt_tt_1;public;2011
Flushed Away ;;;01/01/2006;;MOVIE;149000000;Adventure|Animation|Comedy|Family;IMDB;http://www.imdb.com/title/tt0424095/?ref_=fn_tt_tt_1;public;2006
Pan ;;;01/01/2015;;MOVIE;150000000;Adventure|Family|Fantasy;IMDB;http://www.imdb.com/title/tt3332064/?ref_=fn_tt_tt_1;public;2015
Mr. Peabody & Sherman ;;;01/01/2014;;MOVIE;145000000;Adventure|Animation|Comedy|Family|Sci-Fi;IMDB;http://www.imdb.com/title/tt0864835/?ref_=fn_tt_tt_1;public;2014
Troy ;;;01/01/2004;;MOVIE;175000000;Adventure;IMDB;http://www.imdb.com/title/tt0332452/?ref_=fn_tt_tt_1;public;2004
Madagascar 3: Europe's Most Wanted ;;;01/01/2012;;MOVIE;145000000;Adventure|Animation|Comedy|Family;IMDB;http://www.imdb.com/title/tt1277953/?ref_=fn_tt_tt_1;public;2012
Die Another Day ;;;01/01/2002;;MOVIE;142000000;Action|Adventure|Thriller;IMDB;http://www.imdb.com/title/tt0246460/?ref_=fn_tt_tt_1;public;2002
Ghostbusters ;;;01/01/2016;;MOVIE;144000000;Action|Comedy|Fantasy|Sci-Fi;IMDB;http://www.imdb.com/title/tt1289401/?ref_=fn_tt_tt_1;public;2016
Armageddon ;;;01/01/1998;;MOVIE;140000000;Action|Adventure|Sci-Fi|Thriller;IMDB;http://www.imdb.com/title/tt0120591/?ref_=fn_tt_tt_1;public;1998
Men in Black II ;;;01/01/2002;;MOVIE;140000000;Action|Adventure|Comedy|Family|Fantasy|Mystery|Sci-Fi;IMDB;http://www.imdb.com/title/tt0120912/?ref_=fn_tt_tt_1;public;2002
Beowulf ;;;01/01/2007;;MOVIE;150000000;Action|Adventure|Animation|Fantasy;IMDB;http://www.imdb.com/title/tt0442933/?ref_=fn_tt_tt_1;public;2007
Kung Fu Panda 3 ;;;01/01/2016;;MOVIE;145000000;Action|Adventure|Animation|Comedy|Family;IMDB;http://www.imdb.com/title/tt2267968/?ref_=fn_tt_tt_1;public;2016
Mission: Impossible - Ghost Protocol ;;;01/01/2011;;MOVIE;145000000;Action|Adventure|Thriller;IMDB;http://www.imdb.com/title/tt1229238/?ref_=fn_tt_tt_1;public;2011
Rise of the Guardians ;;;01/01/2012;;MOVIE;145000000;Adventure|Animation|Family|Fantasy;IMDB;http://www.imdb.com/title/tt1446192/?ref_=fn_tt_tt_1;public;2012
Fun with Dick and Jane ;;;01/01/2005;;MOVIE;100000000;Comedy|Crime;IMDB;http://www.imdb.com/title/tt0369441/?ref_=fn_tt_tt_1;public;2005
The Last Samurai ;;;01/01/2003;;MOVIE;140000000;Action|Drama|History|War;IMDB;http://www.imdb.com/title/tt0325710/?ref_=fn_tt_tt_1;public;2003
Exodus: Gods and Kings ;;;01/01/2014;;MOVIE;140000000;Action|Adventure|Drama;IMDB;http://www.imdb.com/title/tt1528100/?ref_=fn_tt_tt_1;public;2014
Star Trek ;;;01/01/2009;;MOVIE;150000000;Action|Adventure|Sci-Fi;IMDB;http://www.imdb.com/title/tt0796366/?ref_=fn_tt_tt_1;public;2009
Spider-Man ;;;01/01/2002;;MOVIE;139000000;Action|Adventure|Fantasy|Romance;IMDB;http://www.imdb.com/title/tt0145487/?ref_=fn_tt_tt_1;public;2002
How to Train Your Dragon 2 ;;;01/01/2014;;MOVIE;145000000;Action|Adventure|Animation|Comedy|Family|Fantasy;IMDB;http://www.imdb.com/title/tt1646971/?ref_=fn_tt_tt_1;public;2014
Gods of Egypt ;;;01/01/2016;;MOVIE;140000000;Action|Adventure|Fantasy;IMDB;http://www.imdb.com/title/tt2404233/?ref_=fn_tt_tt_1;public;2016
Stealth ;;;01/01/2005;;MOVIE;135000000;Action|Adventure|Sci-Fi|Thriller;IMDB;http://www.imdb.com/title/tt0382992/?ref_=fn_tt_tt_1;public;2005
Watchmen ;;;01/01/2009;;MOVIE;130000000;Action|Drama|Mystery|Sci-Fi;IMDB;http://www.imdb.com/title/tt0409459/?ref_=fn_tt_tt_1;public;2009
Lethal Weapon 4 ;;;01/01/1998;;MOVIE;140000000;Action|Crime|Thriller;IMDB;http://www.imdb.com/title/tt0122151/?ref_=fn_tt_tt_1;public;1998
Hulk ;;;01/01/2003;;MOVIE;137000000;Action|Sci-Fi;IMDB;http://www.imdb.com/title/tt0286716/?ref_=fn_tt_tt_1;public;2003
G.I. Joe: Retaliation ;;;01/01/2013;;MOVIE;130000000;Action|Adventure|Sci-Fi|Thriller;IMDB;http://www.imdb.com/title/tt1583421/?ref_=fn_tt_tt_1;public;2013
Sahara ;;;01/01/2005;;MOVIE;130000000;Action|Adventure|Comedy|Thriller;IMDB;http://www.imdb.com/title/tt0318649/?ref_=fn_tt_tt_1;public;2005
Final Fantasy: The Spirits Within ;;;01/01/2001;;MOVIE;137000000;Action|Adventure|Animation|Fantasy|Romance|Sci-Fi;IMDB;http://www.imdb.com/title/tt0173840/?ref_=fn_tt_tt_1;public;2001
Captain America: The First Avenger ;;;01/01/2011;;MOVIE;140000000;Action|Adventure|Sci-Fi;IMDB;http://www.imdb.com/title/tt0458339/?ref_=fn_tt_tt_1;public;2011
The World Is Not Enough ;;;01/01/1999;;MOVIE;135000000;Action|Adventure|Thriller;IMDB;http://www.imdb.com/title/tt0143145/?ref_=fn_tt_tt_1;public;1999
Master and Commander: The Far Side of the World ;;;01/01/2003;;MOVIE;150000000;Action|Adventure|Drama|History|War;IMDB;http://www.imdb.com/title/tt0311113/?ref_=fn_tt_tt_1;public;2003
The Twilight Saga: Breaking Dawn - Part 2 ;;;01/01/2012;;MOVIE;120000000;Adventure|Drama|Fantasy|Romance;IMDB;http://www.imdb.com/title/tt1673434/?ref_=fn_tt_tt_1;public;2012
Happy Feet 2 ;;;01/01/2011;;MOVIE;135000000;Animation|Comedy|Family|Musical;IMDB;http://www.imdb.com/title/tt1402488/?ref_=fn_tt_tt_1;public;2011
The Incredible Hulk ;;;01/01/2008;;MOVIE;150000000;Action|Adventure|Sci-Fi;IMDB;http://www.imdb.com/title/tt0800080/?ref_=fn_tt_tt_1;public;2008
Miami Vice             ;;;01/01/;;MOVIE;1500000;Action|Crime|Drama|Mystery|Thriller;IMDB;http://www.imdb.com/title/tt0086759/?ref_=fn_tt_tt_1;public;0
The BFG ;;;01/01/2016;;MOVIE;140000000;Adventure|Family|Fantasy;IMDB;http://www.imdb.com/title/tt3691740/?ref_=fn_tt_tt_1;public;2016
The Revenant ;;;01/01/2015;;MOVIE;135000000;Adventure|Drama|Thriller|Western;IMDB;http://www.imdb.com/title/tt1663202/?ref_=fn_tt_tt_1;public;2015
Turbo ;;;01/01/2013;;MOVIE;135000000;Adventure|Animation|Comedy|Family|Sport;IMDB;http://www.imdb.com/title/tt1860353/?ref_=fn_tt_tt_1;public;2013
Rango ;;;01/01/2011;;MOVIE;135000000;Adventure|Animation|Comedy|Family|Western;IMDB;http://www.imdb.com/title/tt1192628/?ref_=fn_tt_tt_1;public;2011
Penguins of Madagascar ;;;01/01/2014;;MOVIE;132000000;Adventure|Animation|Comedy|Family;IMDB;http://www.imdb.com/title/tt1911658/?ref_=fn_tt_tt_1;public;2014
The Bourne Ultimatum ;;;01/01/2007;;MOVIE;110000000;Action|Mystery|Thriller;IMDB;http://www.imdb.com/title/tt0440963/?ref_=fn_tt_tt_1;public;2007
Kung Fu Panda ;;;01/01/2008;;MOVIE;130000000;Action|Adventure|Animation|Comedy|Family;IMDB;http://www.imdb.com/title/tt0441773/?ref_=fn_tt_tt_1;public;2008
Ant-Man ;;;01/01/2015;;MOVIE;130000000;Action|Adventure|Comedy|Sci-Fi;IMDB;http://www.imdb.com/title/tt0478970/?ref_=fn_tt_tt_1;public;2015
The Hunger Games: Catching Fire ;;;01/01/2013;;MOVIE;130000000;Adventure|Sci-Fi|Thriller;IMDB;http://www.imdb.com/title/tt1951264/?ref_=fn_tt_tt_1;public;2013
The Twilight Saga: Breaking Dawn - Part 2 ;;;01/01/2012;;MOVIE;120000000;Adventure|Drama|Fantasy|Romance;IMDB;http://www.imdb.com/title/tt1673434/?ref_=fn_tt_tt_1;public;2012
Home ;;;01/01/2015;;MOVIE;135000000;Adventure|Animation|Comedy|Family|Fantasy|Sci-Fi;IMDB;http://www.imdb.com/title/tt2224026/?ref_=fn_tt_tt_1;public;2015
War of the Worlds ;;;01/01/2005;;MOVIE;132000000;Adventure|Sci-Fi|Thriller;IMDB;http://www.imdb.com/title/tt0407304/?ref_=fn_tt_tt_1;public;2005
Bad Boys II ;;;01/01/2003;;MOVIE;130000000;Action|Comedy|Crime|Thriller;IMDB;http://www.imdb.com/title/tt0172156/?ref_=fn_tt_tt_1;public;2003
Puss in Boots ;;;01/01/2011;;MOVIE;130000000;Action|Adventure|Animation|Comedy|Family|Fantasy;IMDB;http://www.imdb.com/title/tt0448694/?ref_=fn_tt_tt_1;public;2011
Salt ;;;01/01/2010;;MOVIE;110000000;Action|Crime|Mystery|Thriller;IMDB;http://www.imdb.com/title/tt0944835/?ref_=fn_tt_tt_1;public;2010
Noah ;;;01/01/2014;;MOVIE;125000000;Action|Adventure|Drama;IMDB;http://www.imdb.com/title/tt1959490/?ref_=fn_tt_tt_1;public;2014
The Adventures of Tintin ;;;01/01/2011;;MOVIE;135000000;Action|Adventure|Family|Mystery;IMDB;http://www.imdb.com/title/tt0983193/?ref_=fn_tt_tt_1;public;2011
Harry Potter and the Prisoner of Azkaban ;;;01/01/2004;;MOVIE;130000000;Adventure|Family|Fantasy|Mystery;IMDB;http://www.imdb.com/title/tt0304141/?ref_=fn_tt_tt_1;public;2004
Australia ;;;01/01/2008;;MOVIE;130000000;Adventure|Drama|Romance|War;IMDB;http://www.imdb.com/title/tt0455824/?ref_=fn_tt_tt_1;public;2008
After Earth ;;;01/01/2013;;MOVIE;130000000;Action|Adventure|Sci-Fi;IMDB;http://www.imdb.com/title/tt1815862/?ref_=fn_tt_tt_1;public;2013
Dinosaur ;;;01/01/2000;;MOVIE;127500000;Adventure|Animation|Family|Thriller;IMDB;http://www.imdb.com/title/tt0130623/?ref_=fn_tt_tt_1;public;2000
Harry Potter and the Deathly Hallows: Part II ;;;01/01/2011;;MOVIE;;Action|Fantasy;IMDB;http://www.imdb.com/title/tt1680310/?ref_=fn_tt_tt_1;public;2011
Night at the Museum: Secret of the Tomb ;;;01/01/2014;;MOVIE;127000000;Adventure|Comedy|Family|Fantasy;IMDB;http://www.imdb.com/title/tt2692250/?ref_=fn_tt_tt_1;public;2014
Megamind ;;;01/01/2010;;MOVIE;130000000;Action|Animation|Comedy|Family|Sci-Fi;IMDB;http://www.imdb.com/title/tt1001526/?ref_=fn_tt_tt_1;public;2010
Harry Potter and the Sorcerer's Stone ;;;01/01/2001;;MOVIE;125000000;Adventure|Family|Fantasy;IMDB;http://www.imdb.com/title/tt0241527/?ref_=fn_tt_tt_1;public;2001
R.I.P.D. ;;;01/01/2013;;MOVIE;130000000;Action|Comedy|Fantasy;IMDB;http://www.imdb.com/title/tt0790736/?ref_=fn_tt_tt_1;public;2013
Godzilla Resurgence ;;;01/01/2016;;MOVIE;;Action|Adventure|Drama|Horror|Sci-Fi;IMDB;http://www.imdb.com/title/tt4262980/?ref_=fn_tt_tt_1;public;2016
Pirates of the Caribbean: The Curse of the Black Pearl ;;;01/01/2003;;MOVIE;140000000;Action|Adventure|Fantasy;IMDB;http://www.imdb.com/title/tt0325980/?ref_=fn_tt_tt_1;public;2003
Harry Potter and the Deathly Hallows: Part I ;;;01/01/2010;;MOVIE;;Fantasy;IMDB;http://www.imdb.com/title/tt1571403/?ref_=fn_tt_tt_1;public;2010
The Hunger Games: Mockingjay - Part 1 ;;;01/01/2014;;MOVIE;125000000;Adventure|Sci-Fi|Thriller;IMDB;http://www.imdb.com/title/tt1951265/?ref_=fn_tt_tt_1;public;2014
The Da Vinci Code ;;;01/01/2006;;MOVIE;125000000;Mystery|Thriller;IMDB;http://www.imdb.com/title/tt0382625/?ref_=fn_tt_tt_1;public;2006
Rio 2 ;;;01/01/2014;;MOVIE;103000000;Adventure|Animation|Comedy|Family|Musical;IMDB;http://www.imdb.com/title/tt2357291/?ref_=fn_tt_tt_1;public;2014
X-Men 2 ;;;01/01/2003;;MOVIE;110000000;Action|Adventure|Fantasy|Sci-Fi|Thriller;IMDB;http://www.imdb.com/title/tt0290334/?ref_=fn_tt_tt_1;public;2003
Fast Five ;;;01/01/2011;;MOVIE;125000000;Action|Crime|Thriller;IMDB;http://www.imdb.com/title/tt1596343/?ref_=fn_tt_tt_1;public;2011
Sherlock Holmes: A Game of Shadows ;;;01/01/2011;;MOVIE;125000000;Action|Adventure|Crime|Mystery|Thriller;IMDB;http://www.imdb.com/title/tt1515091/?ref_=fn_tt_tt_1;public;2011
Clash of the Titans ;;;01/01/2010;;MOVIE;125000000;Action|Adventure|Fantasy;IMDB;http://www.imdb.com/title/tt0800320/?ref_=fn_tt_tt_1;public;2010
